{
  "name": "krunalpatel-mma",
  "version": "0.1.0",
  "author": "krunalpatel",
  "summary": "",
  "license": "Apache-2.0",
  "source": "",
  "dependencies": [

  ],
  "operatingsystem_support": [
    {
      "operatingsystem": "windows",
      "operatingsystemrelease": [
        "2019",
        "10"
      ]
    }
  ],
  "requirements": [
    {
      "name": "puppet",
      "version_requirement": ">= 6.21.0 < 8.0.0"
    }
  ],
  "pdk-version": "2.0.0",
  "template-url": "pdk-default#2.0.0",
  "template-ref": "tags/2.0.0-0-ge838f1d"
}
